<?xml version="1.0" encoding="UTF-8"?>
<project-private xmlns="http://www.netbeans.org/ns/project-private/1">
    <editor-bookmarks xmlns="http://www.netbeans.org/ns/editor-bookmarks/2" lastBookmarkId="0"/>
    <open-files xmlns="http://www.netbeans.org/ns/projectui-open-files/2">
        <group>
            <file>file:/C:/Users/Mohib/Downloads/Moflix/Moflix/src/RegisterDBMS.java</file>
            <file>file:/C:/Users/Mohib/Downloads/Moflix/Moflix/src/AppData.java</file>
            <file>file:/C:/Users/Mohib/Downloads/Moflix/Moflix/src/Movies.java</file>
            <file>file:/C:/Users/Mohib/Downloads/Moflix/Moflix/src/Queries.java</file>
            <file>file:/C:/Users/Mohib/Downloads/Moflix/Moflix/src/TVShows.java</file>
            <file>file:/C:/Users/Mohib/Downloads/Moflix/Moflix/src/LoginDBMS.java</file>
            <file>file:/C:/Users/Mohib/Downloads/Moflix/Moflix/src/Profile.java</file>
        </group>
    </open-files>
</project-private>
